Start,End,Text
0:00:06:00, 0:00:08:00,Why did you come?
0:00:10:00, 0:00:13:00,I think... I want to be forgiven
0:00:15:00, 0:00:18:00,more than anything
0:00:19:00, 0:00:21:00,By whom?
0:00:28:00, 0:00:30:00,I never blamed you
0:00:30:00, 0:00:32:00,not once
0:00:32:00, 0:00:34:00,You came for me
0:00:34:00, 0:00:37:00,that's all that matters
00:00:43:00,00:00:46:00,How many sleepless nights must we count
00:00:47:00,00:00:50:00,Before we finally arrive?
00:00:51:00,00:00:54:00,How many lives must be lost
00:00:55:00,00:00:57:00,Before the fighting comes to an end?
00:00:58:00,00:01:01:00,Just helpless clowns
00:01:01:00,00:01:04:00,Tumbling through history
00:01:05:00,00:01:08:00,Like someone once said
00:01:09:00,00:01:12:00,The answer is blowin' in the wind
00:01:26:00,00:01:30:00,How many times must our turned-away faces be struck
00:01:31:00,00:01:33:00,Before we stop pretending not to notice?
00:01:34:00,00:01:37:00,How much suffering must we endure
00:01:38:00,00:01:41:00,Before a smile can be free?
00:01:42:00,00:01:45:00,Bound by rusted chains
00:01:45:00,00:01:48:00,If we run away with our tails between our legs again
00:01:49:00,00:01:52:00,Like someone once said
00:01:52:00,00:01:55:00,The answer is blowin' in the wind
00:01:57:00,00:01:59:00,With a voice strained to its limit
00:02:00:00,00:02:03:00,And with tightly clenched hands
00:02:05:00,00:02:10:00,Destiny is surely waiting for its time to change
00:02:12:00,00:02:18:00,With the modest power of a tiny love
00:02:19:00,00:02:21:00,Sorrow is always
00:02:22:00,00:02:25:00,Waiting to be held
00:02:54:00,00:02:58:00,Rearranging a puzzle of lies
00:02:59:00,00:03:01:00,Pitiful swindlers
00:03:02:00,00:03:04:00,Clumsily acting skillful
00:03:05:00,00:03:08:00,Foolish romanticists
00:03:09:00,00:03:12:00,A premonition of a day coming
00:03:12:00,00:03:15:00,When history falls silent
00:03:16:00,00:03:19:00,Like someone once said
00:03:20:00,00:03:23:00,The answer is blowin' in the wind
00:03:24:00,00:03:26:00,With a voice strained to its limit
00:03:27:00,00:03:30:00,And with tightly clenched hands
00:03:32:00,00:03:37:00,Destiny is surely waiting for its time to change
00:03:39:00,00:03:45:00,With the modest power of a tiny love
00:03:45:00,00:03:49:00,Sorrow is always
00:03:50:00,00:03:52:00,Waiting to be held
