time,name,note,color
0:00,intro_start,イントロ開始,yellow
0:02,voice1,セリフ1開始,cyan
0:20,bike,バイク開始,blue
0:23,voice2,セリフ2開始,cyan
0:30,waitingAerith,待っているエアリス,blue
0:43,intro2_start,歌開始,yellow
0:50,Zack,ザックス,blue
0:58,pain,苦しむクラウド,blue
1:05,water,水滴、雨,blue
1:16,"Aerith,Zack",ACラスト,blue
1:27,farewell,イファルナ,blue
1:44,opening,OPエアリス,blue
1:51,rain,エアリス雨,blue
1:54,chanceMeeting,再会,blue
1:57,chorus_1,サビ1開始,yellow
1:59,handgrub,握り絞める手１,blue
2:13,church,教会のシーン,blue
2:11,littleLove,早く慣れてね,blue
2:16,talk_with_flowers,お疲れとかなんとか,blue
2:24,chorus1_end,サビ1終了,yellow
2:35,enchanted,ドレス,blue
2:32,hi_touch,ハイタッチ,blue
2:35,beach,ビーチ,blue
2:41,good_luck,がんばれ,blue
2:48,falling_flower,散る花,blue
2:51,flashback,フラッシュバック,blue
2:54,"sleepingforest,intro",森、2番開始,yellow
3:04,headache,頭痛,blue
3:04,memory_back,白マテリア,blue
3:07,crying,泣き抱える,blue
3:09,in_the_water,水葬,blue
3:13,eye,クラウドの目,blue
3:14,out_of_reach,手が届かないX3,blue
3:23,chorus_2,サビ２開始,yellow
3:26,handgrub2,アルフリード花,blue
3:29,destiny,運命の壁１．２,blue
3:34,theMoment,瞬間,blue
3:39,AC_photo,お花の写真,blue
3:42,towShot,隠し撮り,blue
3:47,loveless,ラブレスハグ,blue
3:52,dream_date,ハグ2,blue
3:57,NPtK,NPｔK,blue
4:00,AC_aerithhand,はい,blue
4:04,calm,カーム手つなぎ,blue
4:07,goldsourcer,いこっか,blue
4:09,gondola,ゴンドラデート,blue
4:15,"catch,song_en",何があっても一緒,yellow
4:19,dream_date2,夢デート手つなぎ,blue
4:22,CloudisOK,クラウドは大丈夫,blue
4:29,last,みんなが待ってる,blue
4:35,goodbye,さようなら,blue
